Part,Tr,",.",.,.,.,.,.,.
Trvor,reerrribert,Mr,Tr,Tr,Tr,Tr,Tr,Tr
Ere,Toustorerit,FEustoreriimber,Frreiaz,Frreiazi,MrrerAs,Frreian,FrrerAs,Frreras
F.,fooooot,Pabedererir,TrS,Mr,MrRS,M,Mr,F.
T.,Toooor,MrbeSererir,MrS,TRZT,MrF,MR,Fr,Mr
S.,Tooose,Mrbedererr,MrF,MrTT,ME,Mr,Mr,Tra
Tr,Toooe,TrbcSererr,Mr,ToT,Tr,M,Mr,MrT
Tt,Tooos,Pabederetr,Mr,Mr,MT,MET,Mr,Mra
Dh,fooooot,MRoRSererr,MrT,Mr,Mr,ME,Mr,Mr
Tr,Toooset,MAEGCaererr,MrR,Mr,Mr,Mr,Mr,Mr
E.,Toooez,PrbedeTeTT,Mr,P.S,ME,TaT,Tr,TrS
I.,foooss,Mrbcsererr,Mr,MrTT,Mr,FES,Mr,TrS
IrT,Toooso,MroCSererr,Mr,Mr,ME,Mr,Mr,TrS
Mt,Toooan,MrbderErr,Mo,TrS,Mr,Mr,MrT,Mr
Tt,Tooos,MrbEderErr,Mr,Mr,Mr,Mr,Mra,Tr
I.,ToeZZDT,FAbedererr,Mr,Mr,Mr,ME,Mr,Mr
it,ToeZZ,PabedereTT,Mr,TrST,Tr,Tr,Mr,Tra
ir,Tootts,MrbedeTsTT,MrR,MrOT,MrE,Mr,MrS,Tr
To,Too7T,MrbedeTerr,M.T,MrT,Mr,MR,Mr,FrF
T.,ToozET,Mrbedererr,Mr,ToTT,Fr,TRS,Mr,TS
F,Too7TT,MHEoCSererir,Mr,T..,MR,Mr,Mr,M.T
I2,ToorzaT,MrGeSererr,Mr,To,Mr,Mr,Mr,TEa
2ot,Too7ST,Mrbedererr,Mr,TrD,Mi,Mr,TaO,M.
2.,TooozzT,MroESererr,Mr,Mr,Mr,Mr,TrT,MOT
2.,Tooot,MrbederErr,Mr,TaZT,FE.,Mr,TaeT,TRES
3.,fooosot,Mrbedererr,Mr,Mr,FRT,Mr,Tr.,TOE6
2a,Toooost,MrEGCaerern,Mr,MRT,ME.,Mr,FaT,M.
2.,foooost,Mrbeaerern,To,Mr,Mr,MR,TST,TES
"2,t",Toooort,MrbeSererir,MRT,TaTT,Mr,MROT,TED,Mr
2.,Foooost,MrEGcsererr,MRS,MrT,Mr,Mr,MRDT,Mr
EK,foooot,FrbEoerern,TES,Mr,Mr,MRT,TEST,Mr
2H,foooos,Mrbedererr,TR,MrT,Mr,Mr,FODT,Mr
Sot,Toooozt,MEBedeTeTT,TE,FEDT,Mr,MRT,TREZT,TR5
